tool,group,inputs,internalTimeoutMs,externalTimeoutSeconds,wallSeconds,externalTermination
into-0.0.4-off,0000-atom,2,120000,300,0.22015340000143624,
into-0.0.4-off,0001-bmp,1,120000,150,0.17399199999999837,
into-0.0.4-off,0002-csv,6,120000,300,0.7052540999975463,
into-0.0.4-off,0003-csv,1,120000,150,0.41555390000212356,
into-0.0.4-off,0004-csv,1,120000,150,8.738143700000364,
into-0.0.4-off,0005-csv,1,120000,150,58.96455159999823,
into-0.0.4-off,0006-doc,16,120000,300,0.43681930000093416,
into-0.0.4-off,0007-doc,16,120000,300,0.8742102000032901,
into-0.0.4-off,0008-doc,16,120000,300,0.5334994000004372,
into-0.0.4-off,0009-doc,16,120000,300,0.8271516999993764,
into-0.0.4-off,0010-doc,16,120000,300,1.0713208000015584,
into-0.0.4-off,0011-doc,16,120000,300,0.8004822000002605,
into-0.0.4-off,0012-doc,16,120000,300,1.0735401999991154,
into-0.0.4-off,0013-doc,16,120000,300,0.5897011999986717,
into-0.0.4-off,0014-doc,16,120000,300,0.8290343000007852,
into-0.0.4-off,0015-doc,16,120000,300,0.7022355000008247,
into-0.0.4-off,0016-doc,16,120000,300,0.4632406999990053,
into-0.0.4-off,0017-doc,16,120000,300,0.6542401000006066,
into-0.0.4-off,0018-doc,16,120000,300,0.46835189999910654,
into-0.0.4-off,0019-doc,12,120000,300,0.34446959999695537,
into-0.0.4-off,0020-doc,1,120000,150,0.149130800000421,
into-0.0.4-off,0021-docm,5,120000,300,0.4443987000013294,
into-0.0.4-off,0022-docx,16,120000,300,1.0635581999995338,
into-0.0.4-off,0023-docx,16,120000,300,0.8731120999982522,
into-0.0.4-off,0024-docx,16,120000,300,1.1942835999980161,
into-0.0.4-off,0025-docx,16,120000,300,1.2080316999999923,
into-0.0.4-off,0026-docx,16,120000,300,0.9187740000015765,
into-0.0.4-off,0027-docx,16,120000,300,1.0925802999990992,
into-0.0.4-off,0028-docx,16,120000,300,1.1390391000022646,
into-0.0.4-off,0029-docx,16,120000,300,1.08870559999923,
into-0.0.4-off,0030-docx,16,120000,300,1.0236513999989256,
into-0.0.4-off,0031-docx,16,120000,300,0.9700034000015876,
into-0.0.4-off,0032-docx,16,120000,300,1.090764599997783,
into-0.0.4-off,0033-docx,16,120000,300,1.169296399999439,
into-0.0.4-off,0034-docx,16,120000,300,0.9762927000010677,
into-0.0.4-off,0035-docx,16,120000,300,1.2477035999982036,
into-0.0.4-off,0036-docx,16,120000,300,1.2934203000004345,
into-0.0.4-off,0037-docx,10,120000,300,1.3205551999999443,
into-0.0.4-off,0038-epub,3,120000,300,0.10102059999917401,
into-0.0.4-off,0039-epub,1,120000,150,0.2953305000010005,
into-0.0.4-off,0040-epub,1,120000,150,0.6413190999992366,
into-0.0.4-off,0041-epub,1,120000,150,0.6106972000015958,
into-0.0.4-off,0042-epub,1,120000,150,7.429976499999611,
into-0.0.4-off,0043-flac,3,120000,300,0.10219149999829824,
into-0.0.4-off,0044-html,16,120000,300,1.0615280999991228,
into-0.0.4-off,0045-html,16,120000,300,0.46286780000082217,
into-0.0.4-off,0046-html,3,120000,300,0.1755529000001843,
into-0.0.4-off,0047-ipynb,4,120000,300,0.41465790000074776,
into-0.0.4-off,0048-ipynb,1,120000,150,0.26912520000041695,
into-0.0.4-off,0049-jpg,14,120000,300,0.9892213000021002,
into-0.0.4-off,0050-json,16,120000,300,1.2092243999977654,
into-0.0.4-off,0051-json,16,120000,300,1.2059316000013496,
into-0.0.4-off,0052-json,16,120000,300,1.1912134000012884,
into-0.0.4-off,0053-json,16,120000,300,1.2099025000024994,
into-0.0.4-off,0054-json,16,120000,300,1.0848416000008,
into-0.0.4-off,0055-json,16,120000,300,1.2325474999997823,
into-0.0.4-off,0056-m4a,8,120000,300,0.1009531000017887,
into-0.0.4-off,0057-md,3,120000,300,0.29211320000104024,
into-0.0.4-off,0058-mkv,1,120000,150,0.10146759999770438,
into-0.0.4-off,0059-mov,2,120000,300,0.1001429999996617,
into-0.0.4-off,0060-mp3,16,120000,300,0.12563869999939925,
into-0.0.4-off,0061-mp3,11,120000,300,0.12417310000091675,
into-0.0.4-off,0062-mp4,8,120000,300,0.09918850000030943,
into-0.0.4-off,0063-mp4,1,120000,150,0.2031825000012759,
into-0.0.4-off,0064-msg,16,120000,300,1.1308442999979889,
into-0.0.4-off,0065-msg,16,120000,300,0.9980947000003653,
into-0.0.4-off,0066-msg,16,120000,300,1.1422467000011238,
into-0.0.4-off,0067-msg,7,120000,300,0.6542675999990024,
into-0.0.4-off,0068-odp,9,120000,300,0.9715930000020307,
into-0.0.4-off,0069-ods,7,120000,300,0.7323743000015384,
into-0.0.4-off,0070-odt,16,120000,300,1.073739100000239,
into-0.0.4-off,0071-odt,4,120000,300,0.9274631000007503,
into-0.0.4-off,0072-ogg,4,120000,300,0.10358279999854858,
into-0.0.4-off,0073-pdf,16,120000,300,1.507256500000949,
into-0.0.4-off,0074-pdf,16,120000,300,1.731577099999413,
into-0.0.4-off,0075-pdf,16,120000,300,1.9486222000014095,
into-0.0.4-off,0076-pdf,16,120000,300,2.280952500001149,
into-0.0.4-off,0077-pdf,16,120000,300,3.2650317000006908,
into-0.0.4-off,0078-pdf,16,120000,300,4.773314999998547,
into-0.0.4-off,0079-pdf,2,120000,300,0.39262089999829186,
into-0.0.4-off,0080-pdf,1,120000,150,0.4161528000004182,
into-0.0.4-off,0081-pdf,1,120000,150,0.9711447000008775,
into-0.0.4-off,0082-pdf,1,120000,150,1.261002200000803,
into-0.0.4-off,0083-pdf,1,120000,150,2.6153926000006322,
into-0.0.4-off,0084-pdf,1,120000,150,3.8252036000012595,
into-0.0.4-off,0085-pdf,1,120000,150,3.9333623999991687,
into-0.0.4-off,0086-pdf,1,120000,150,5.280547300000762,
into-0.0.4-off,0087-pdf,1,120000,150,5.7724142000006395,
into-0.0.4-off,0088-pdf,1,120000,150,6.054096300002129,
into-0.0.4-off,0089-pdf,1,120000,150,6.866333099998883,
into-0.0.4-off,0090-png,6,120000,300,0.5826281000008748,
into-0.0.4-off,0091-pot,1,120000,150,0.17534929999965243,
into-0.0.4-off,0092-potx,1,120000,150,0.17355110000062268,
into-0.0.4-off,0093-pps,1,120000,150,0.18660970000200905,
into-0.0.4-off,0094-ppsm,2,120000,300,0.24653120000220952,
into-0.0.4-off,0095-ppsx,2,120000,300,0.24807330000112415,
into-0.0.4-off,0096-ppt,16,120000,300,0.4157121999996889,
into-0.0.4-off,0097-ppt,16,120000,300,1.0718454000016209,
into-0.0.4-off,0098-ppt,16,120000,300,0.7437160999979824,
into-0.0.4-off,0099-ppt,16,120000,300,0.8509642000026361,
into-0.0.4-off,0100-ppt,16,120000,300,0.899867499996617,
into-0.0.4-off,0101-ppt,16,120000,300,1.0386076999966463,
into-0.0.4-off,0102-ppt,16,120000,300,0.8955414999982168,
into-0.0.4-off,0103-ppt,16,120000,300,1.1866474000016751,
into-0.0.4-off,0104-ppt,16,120000,300,0.8230325000004086,
into-0.0.4-off,0105-ppt,16,120000,300,1.2107737999976962,
into-0.0.4-off,0106-ppt,16,120000,300,0.874687499999709,
into-0.0.4-off,0107-ppt,16,120000,300,0.7149661000003107,
into-0.0.4-off,0108-ppt,8,120000,300,0.6685079999988375,
into-0.0.4-off,0109-pptm,5,120000,300,0.43672800000058487,
into-0.0.4-off,0110-pptx,16,120000,300,0.9816500999986602,
into-0.0.4-off,0111-pptx,16,120000,300,1.2205203000012261,
into-0.0.4-off,0112-pptx,16,120000,300,1.0411916000011843,
into-0.0.4-off,0113-pptx,16,120000,300,1.1566817999992054,
into-0.0.4-off,0114-pptx,16,120000,300,1.2330473000001803,
into-0.0.4-off,0115-pptx,16,120000,300,0.9924085999991803,
into-0.0.4-off,0116-pptx,16,120000,300,1.5734770000017306,
into-0.0.4-off,0117-pptx,16,120000,300,2.4229035999996995,
into-0.0.4-off,0118-pptx,16,120000,300,2.6496869000002334,
into-0.0.4-off,0119-pptx,8,120000,300,2.3055426999999327,
into-0.0.4-off,0120-pptx,1,120000,150,0.2776432999999088,
into-0.0.4-off,0121-pptx,1,120000,150,0.41981699999814737,
into-0.0.4-off,0122-pptx,1,120000,150,0.7394734000008611,
into-0.0.4-off,0123-pptx,1,120000,150,1.0323524999985239,
into-0.0.4-off,0124-pptx,1,120000,150,1.116995100001077,
into-0.0.4-off,0125-pptx,1,120000,150,13.920383500000753,
into-0.0.4-off,0126-pptx,1,120000,150,20.327009000000544,
into-0.0.4-off,0127-rss,3,120000,300,0.1732131999997364,
into-0.0.4-off,0128-rtf,16,120000,300,0.7982697000006738,
into-0.0.4-off,0129-rtf,16,120000,300,0.7283515999988595,
into-0.0.4-off,0130-rtf,12,120000,300,0.5125052000003052,
into-0.0.4-off,0131-tif,2,120000,300,0.17245360000015353,
into-0.0.4-off,0132-tif,1,120000,150,1.2659184000003734,
into-0.0.4-off,0133-tsv,1,120000,150,0.2756777000031434,
into-0.0.4-off,0134-txt,16,120000,300,1.0686234999993758,
into-0.0.4-off,0135-wav,1,120000,150,0.10101679999934277,
into-0.0.4-off,0136-webm,1,120000,150,0.09925479999947129,
into-0.0.4-off,0137-webp,3,120000,300,0.29414319999705185,
into-0.0.4-off,0138-xls,16,120000,300,0.901221500000247,
into-0.0.4-off,0139-xls,16,120000,300,0.9976077999999688,
into-0.0.4-off,0140-xls,16,120000,300,0.9562355999987631,
into-0.0.4-off,0141-xls,16,120000,300,1.1936683999992965,
into-0.0.4-off,0142-xls,16,120000,300,1.2170493999983591,
into-0.0.4-off,0143-xls,16,120000,300,1.1915356000026804,
into-0.0.4-off,0144-xls,16,120000,300,1.1379191000014544,
into-0.0.4-off,0145-xls,16,120000,300,1.2341118000003917,
into-0.0.4-off,0146-xls,16,120000,300,1.186034300000756,
into-0.0.4-off,0147-xls,16,120000,300,1.379609600000549,
into-0.0.4-off,0148-xls,16,120000,300,0.9313126999986707,
into-0.0.4-off,0149-xls,16,120000,300,1.0136425999990024,
into-0.0.4-off,0150-xls,16,120000,300,1.1381402000006346,
into-0.0.4-off,0151-xls,16,120000,300,1.0640599999969709,
into-0.0.4-off,0152-xls,16,120000,300,1.1842783000029158,
into-0.0.4-off,0153-xls,16,120000,300,1.0885939999971015,
into-0.0.4-off,0154-xls,16,120000,300,1.2386134999978822,
into-0.0.4-off,0155-xls,16,120000,300,1.1426728000005824,
into-0.0.4-off,0156-xls,16,120000,300,1.2156462999992073,
into-0.0.4-off,0157-xls,16,120000,300,1.2082781999997678,
into-0.0.4-off,0158-xls,16,120000,300,1.0915911000010965,
into-0.0.4-off,0159-xls,16,120000,300,1.0849715000003926,
into-0.0.4-off,0160-xls,16,120000,300,1.1693175000000338,
into-0.0.4-off,0161-xls,16,120000,300,1.149018399999477,
into-0.0.4-off,0162-xls,16,120000,300,1.2894090000008873,
into-0.0.4-off,0163-xls,16,120000,300,1.3415449000021908,
into-0.0.4-off,0164-xls,16,120000,300,1.4014332999977341,
into-0.0.4-off,0165-xls,16,120000,300,1.888022800001636,
into-0.0.4-off,0166-xls,4,120000,300,0.5465569000007235,
into-0.0.4-off,0167-xlsb,16,120000,300,0.1272917000023881,
into-0.0.4-off,0168-xlsm,15,120000,300,1.3852620999969076,
into-0.0.4-off,0169-xlsx,16,120000,300,1.015841399999772,
into-0.0.4-off,0170-xlsx,16,120000,300,0.9195037999998021,
into-0.0.4-off,0171-xlsx,16,120000,300,1.0395410000019183,
into-0.0.4-off,0172-xlsx,16,120000,300,1.0415213000014774,
into-0.0.4-off,0173-xlsx,16,120000,300,1.1124227000000246,
into-0.0.4-off,0174-xlsx,16,120000,300,1.1648094000011042,
into-0.0.4-off,0175-xlsx,16,120000,300,1.138869300000806,
into-0.0.4-off,0176-xlsx,16,120000,300,1.2384296999989601,
into-0.0.4-off,0177-xlsx,16,120000,300,1.1123316000011982,
into-0.0.4-off,0178-xlsx,16,120000,300,1.2376713000012387,
into-0.0.4-off,0179-xlsx,16,120000,300,1.208873699997639,
into-0.0.4-off,0180-xlsx,16,120000,300,1.2333159999980126,
into-0.0.4-off,0181-xlsx,16,120000,300,0.968284800001129,
into-0.0.4-off,0182-xlsx,16,120000,300,1.0911239000015485,
into-0.0.4-off,0183-xlsx,16,120000,300,1.2359200999999302,
into-0.0.4-off,0184-xlsx,16,120000,300,1.236124999999447,
into-0.0.4-off,0185-xlsx,16,120000,300,1.1185154999984661,
into-0.0.4-off,0186-xlsx,16,120000,300,1.0626895999994304,
into-0.0.4-off,0187-xlsx,16,120000,300,1.092073400002846,
into-0.0.4-off,0188-xlsx,16,120000,300,1.2942432000018016,
into-0.0.4-off,0189-xlsx,16,120000,300,1.3532505999974092,
into-0.0.4-off,0190-xlsx,16,120000,300,1.285296300000482,
into-0.0.4-off,0191-xlsx,16,120000,300,1.3997082999994745,
into-0.0.4-off,0192-xlsx,16,120000,300,1.4038575000013225,
into-0.0.4-off,0193-xlsx,16,120000,300,4.883517300000676,
into-0.0.4-off,0194-xlsx,4,120000,300,2.3251376999978675,
into-0.0.4-off,0195-xlsx,1,120000,150,0.3291152999991027,
into-0.0.4-off,0196-xlsx,1,120000,150,44.656562599997415,
into-0.0.4-off,0197-xml,16,120000,300,1.1854149999999208,
into-0.0.4-off,0198-xml,13,120000,300,1.1189634000002115,
into-0.0.4-off,0199-zip,15,120000,300,0.8741970000010042,
into-0.0.4-off,0200-zip,1,120000,150,45.01395609999963,
into-0.0.4-off,0201-zip,1,120000,150,114.43285499999911,
into-0.0.5-off,0000-atom,2,240000,300,0.2171970000017609,
into-0.0.5-off,0001-bmp,1,120000,150,0.14772480000101496,
into-0.0.5-off,0002-csv,6,720000,900,0.6946810999979789,
into-0.0.5-off,0003-csv,1,120000,150,0.4085372000008647,
into-0.0.5-off,0004-csv,1,120000,150,8.279944500001875,
into-0.0.5-off,0005-csv,1,120000,150,53.81733809999787,
into-0.0.5-off,0006-doc,16,1920000,2400,0.4924436000001151,
into-0.0.5-off,0007-doc,16,1920000,2400,0.9475864999985788,
into-0.0.5-off,0008-doc,16,1920000,2400,0.5772761999978684,
into-0.0.5-off,0009-doc,16,1920000,2400,0.8563807999998971,
into-0.0.5-off,0010-doc,16,1920000,2400,1.1548568999969575,
into-0.0.5-off,0011-doc,16,1920000,2400,0.797437399996852,
into-0.0.5-off,0012-doc,16,1920000,2400,1.084032599999773,
into-0.0.5-off,0013-doc,16,1920000,2400,0.6299357999996573,
into-0.0.5-off,0014-doc,16,1920000,2400,0.845779200000834,
into-0.0.5-off,0015-doc,16,1920000,2400,0.698729200001253,
into-0.0.5-off,0016-doc,16,1920000,2400,0.46085279999897466,
into-0.0.5-off,0017-doc,16,1920000,2400,0.69926249999844,
into-0.0.5-off,0018-doc,16,1920000,2400,0.43655370000124094,
into-0.0.5-off,0019-doc,12,1440000,1800,0.317041700000118,
into-0.0.5-off,0020-doc,1,120000,150,0.15284930000052555,
into-0.0.5-off,0021-docm,5,600000,750,0.45958059999975376,
into-0.0.5-off,0022-docx,16,1920000,2400,1.0590460999992501,
into-0.0.5-off,0023-docx,16,1920000,2400,0.8667878999985987,
into-0.0.5-off,0024-docx,16,1920000,2400,1.2274815000018862,
into-0.0.5-off,0025-docx,16,1920000,2400,1.2006866999981867,
into-0.0.5-off,0026-docx,16,1920000,2400,0.9488205999987258,
into-0.0.5-off,0027-docx,16,1920000,2400,1.115519700000732,
into-0.0.5-off,0028-docx,16,1920000,2400,1.2520621000003302,
into-0.0.5-off,0029-docx,16,1920000,2400,1.1083432000014,
into-0.0.5-off,0030-docx,16,1920000,2400,1.0676218000007793,
into-0.0.5-off,0031-docx,16,1920000,2400,0.9660235000010289,
into-0.0.5-off,0032-docx,16,1920000,2400,1.1551193999985117,
into-0.0.5-off,0033-docx,16,1920000,2400,1.1679311999978381,
into-0.0.5-off,0034-docx,16,1920000,2400,1.0109239999983402,
into-0.0.5-off,0035-docx,16,1920000,2400,1.2626782000006642,
into-0.0.5-off,0036-docx,16,1920000,2400,1.2987713999973494,
into-0.0.5-off,0037-docx,10,1200000,1500,1.4128107999968051,
into-0.0.5-off,0038-epub,3,360000,450,0.10068569999930332,
into-0.0.5-off,0039-epub,1,120000,150,0.2945322999985365,
into-0.0.5-off,0040-epub,1,120000,150,0.6578797000001941,
into-0.0.5-off,0041-epub,1,120000,150,0.631815299999289,
into-0.0.5-off,0042-epub,1,120000,150,6.9702923000004375,
into-0.0.5-off,0043-flac,3,360000,450,0.09951119999823277,
into-0.0.5-off,0044-html,16,1920000,2400,1.084448199999315,
into-0.0.5-off,0045-html,16,1920000,2400,0.458424999997078,
into-0.0.5-off,0046-html,3,360000,450,0.1726038000015251,
into-0.0.5-off,0047-ipynb,4,480000,600,0.4367509000003338,
into-0.0.5-off,0048-ipynb,1,120000,150,0.26709260000279755,
into-0.0.5-off,0049-jpg,14,1680000,2100,1.0370977999991737,
into-0.0.5-off,0050-json,16,1920000,2400,1.2026461999994353,
into-0.0.5-off,0051-json,16,1920000,2400,1.2014490000001388,
into-0.0.5-off,0052-json,16,1920000,2400,1.2017555000020366,
into-0.0.5-off,0053-json,16,1920000,2400,1.2002948000008473,
into-0.0.5-off,0054-json,16,1920000,2400,1.08391710000069,
into-0.0.5-off,0055-json,16,1920000,2400,1.3248340999998618,
into-0.0.5-off,0056-m4a,8,960000,1200,0.09998470000209636,
into-0.0.5-off,0057-md,3,360000,450,0.3225592000017059,
into-0.0.5-off,0058-mkv,1,120000,150,0.10824649999995017,
into-0.0.5-off,0059-mov,2,240000,300,0.0989263999981631,
into-0.0.5-off,0060-mp3,16,1920000,2400,0.12844380000024103,
into-0.0.5-off,0061-mp3,11,1320000,1650,0.12509910000153468,
into-0.0.5-off,0062-mp4,8,960000,1200,0.12812710000071093,
into-0.0.5-off,0063-mp4,1,120000,150,0.17229690000021947,
into-0.0.5-off,0064-msg,16,1920000,2400,1.2107641999973566,
into-0.0.5-off,0065-msg,16,1920000,2400,1.0392549999996845,
into-0.0.5-off,0066-msg,16,1920000,2400,1.186962499999936,
into-0.0.5-off,0067-msg,7,840000,1050,0.6493062999979884,
into-0.0.5-off,0068-odp,9,1080000,1350,1.0201018000007025,
into-0.0.5-off,0069-ods,7,840000,1050,0.7624565999976767,
into-0.0.5-off,0070-odt,16,1920000,2400,1.1544420999998692,
into-0.0.5-off,0071-odt,4,480000,600,0.902364800000214,
into-0.0.5-off,0072-ogg,4,480000,600,0.10070859999905224,
into-0.0.5-off,0073-pdf,16,1920000,2400,1.696916599998076,
into-0.0.5-off,0074-pdf,16,1920000,2400,1.8871015000004263,
into-0.0.5-off,0075-pdf,16,1920000,2400,2.15386419999777,
into-0.0.5-off,0076-pdf,16,1920000,2400,2.317610300000524,
into-0.0.5-off,0077-pdf,16,1920000,2400,3.272903799999767,
into-0.0.5-off,0078-pdf,16,1920000,2400,4.755777499998658,
into-0.0.5-off,0079-pdf,2,240000,300,0.4129834999985178,
into-0.0.5-off,0080-pdf,1,120000,150,0.4141222999969614,
into-0.0.5-off,0081-pdf,1,120000,150,0.9520090000005439,
into-0.0.5-off,0082-pdf,1,120000,150,1.166517699999531,
into-0.0.5-off,0083-pdf,1,120000,150,2.3962195000021893,
into-0.0.5-off,0084-pdf,1,120000,150,3.597024099999544,
into-0.0.5-off,0085-pdf,1,120000,150,3.6220408999979554,
into-0.0.5-off,0086-pdf,1,120000,150,5.20591979999881,
into-0.0.5-off,0087-pdf,1,120000,150,5.916213000000425,
into-0.0.5-off,0088-pdf,1,120000,150,5.905309100002341,
into-0.0.5-off,0089-pdf,1,120000,150,6.741767199997412,
into-0.0.5-off,0090-png,6,720000,900,0.5562350000000151,
into-0.0.5-off,0091-pot,1,120000,150,0.14908380000269972,
into-0.0.5-off,0092-potx,1,120000,150,0.17509770000106073,
into-0.0.5-off,0093-pps,1,120000,150,0.14765859999897657,
into-0.0.5-off,0094-ppsm,2,240000,300,0.24220099999729428,
into-0.0.5-off,0095-ppsx,2,240000,300,0.24283930000092369,
into-0.0.5-off,0096-ppt,16,1920000,2400,0.4148018999985652,
into-0.0.5-off,0097-ppt,16,1920000,2400,1.0101615999992646,
into-0.0.5-off,0098-ppt,16,1920000,2400,0.7053235999992467,
into-0.0.5-off,0099-ppt,16,1920000,2400,0.8168340000011085,
into-0.0.5-off,0100-ppt,16,1920000,2400,0.8945874999990338,
into-0.0.5-off,0101-ppt,16,1920000,2400,1.0789651000013691,
into-0.0.5-off,0102-ppt,16,1920000,2400,0.8929430999996839,
into-0.0.5-off,0103-ppt,16,1920000,2400,1.2023766999991494,
into-0.0.5-off,0104-ppt,16,1920000,2400,0.8509368000013637,
into-0.0.5-off,0105-ppt,16,1920000,2400,1.2223692999978084,
into-0.0.5-off,0106-ppt,16,1920000,2400,0.9161090999987209,
into-0.0.5-off,0107-ppt,16,1920000,2400,0.7608804000010423,
into-0.0.5-off,0108-ppt,8,960000,1200,0.6863628999999491,
into-0.0.5-off,0109-pptm,5,600000,750,0.4811900999993668,
into-0.0.5-off,0110-pptx,16,1920000,2400,0.9625508999997692,
into-0.0.5-off,0111-pptx,16,1920000,2400,1.2521894999990764,
into-0.0.5-off,0112-pptx,16,1920000,2400,1.0374928000019281,
into-0.0.5-off,0113-pptx,16,1920000,2400,1.1777631000004476,
into-0.0.5-off,0114-pptx,16,1920000,2400,1.252520000001823,
into-0.0.5-off,0115-pptx,16,1920000,2400,0.964289400002599,
into-0.0.5-off,0116-pptx,16,1920000,2400,1.5542980000027455,
into-0.0.5-off,0117-pptx,16,1920000,2400,2.4115643999975873,
into-0.0.5-off,0118-pptx,16,1920000,2400,2.6486951999977464,
into-0.0.5-off,0119-pptx,8,960000,1200,2.245263699998759,
into-0.0.5-off,0120-pptx,1,120000,150,0.2658257000002777,
into-0.0.5-off,0121-pptx,1,120000,150,0.40927430000010645,
into-0.0.5-off,0122-pptx,1,120000,150,0.7164194999968458,
into-0.0.5-off,0123-pptx,1,120000,150,0.9577768000017386,
into-0.0.5-off,0124-pptx,1,120000,150,1.0580526999983704,
into-0.0.5-off,0125-pptx,1,120000,150,12.753294099999039,
into-0.0.5-off,0126-pptx,1,120000,150,18.86349070000142,
into-0.0.5-off,0127-rss,3,360000,450,0.17121460000271327,
into-0.0.5-off,0128-rtf,16,1920000,2400,0.8425286000019696,
into-0.0.5-off,0129-rtf,16,1920000,2400,0.7729386999999406,
into-0.0.5-off,0130-rtf,12,1440000,1800,0.5540732000008575,
into-0.0.5-off,0131-tif,2,240000,300,0.17078879999826313,
into-0.0.5-off,0132-tif,1,120000,150,1.1946659999994154,
into-0.0.5-off,0133-tsv,1,120000,150,0.2930175000001327,
into-0.0.5-off,0134-txt,16,1920000,2400,1.1313398999991477,
into-0.0.5-off,0135-wav,1,120000,150,0.10156780000033905,
into-0.0.5-off,0136-webm,1,120000,150,0.09846269999979995,
into-0.0.5-off,0137-webp,3,360000,450,0.3387184999992314,
into-0.0.5-off,0138-xls,16,1920000,2400,0.8645131000012043,
into-0.0.5-off,0139-xls,16,1920000,2400,1.0159272999990208,
into-0.0.5-off,0140-xls,16,1920000,2400,0.960844500001258,
into-0.0.5-off,0141-xls,16,1920000,2400,1.2023261000031198,
into-0.0.5-off,0142-xls,16,1920000,2400,1.206263600000966,
into-0.0.5-off,0143-xls,16,1920000,2400,1.200957599998219,
into-0.0.5-off,0144-xls,16,1920000,2400,1.1528154000006907,
into-0.0.5-off,0145-xls,16,1920000,2400,1.2258674000004248,
into-0.0.5-off,0146-xls,16,1920000,2400,1.223549300000741,
into-0.0.5-off,0147-xls,16,1920000,2400,1.474286700002267,
into-0.0.5-off,0148-xls,16,1920000,2400,0.9962130000021716,
into-0.0.5-off,0149-xls,16,1920000,2400,1.0339568000017607,
into-0.0.5-off,0150-xls,16,1920000,2400,1.1669615000027989,
into-0.0.5-off,0151-xls,16,1920000,2400,1.1278160000001662,
into-0.0.5-off,0152-xls,16,1920000,2400,1.2149451999976009,
into-0.0.5-off,0153-xls,16,1920000,2400,1.138229100000899,
into-0.0.5-off,0154-xls,16,1920000,2400,1.2512812000022677,
into-0.0.5-off,0155-xls,16,1920000,2400,1.225344700000278,
into-0.0.5-off,0156-xls,16,1920000,2400,1.2732022999989567,
into-0.0.5-off,0157-xls,16,1920000,2400,1.2940913000020373,
into-0.0.5-off,0158-xls,16,1920000,2400,1.093724000002112,
into-0.0.5-off,0159-xls,16,1920000,2400,1.1535862999990059,
into-0.0.5-off,0160-xls,16,1920000,2400,1.204820799997833,
into-0.0.5-off,0161-xls,16,1920000,2400,1.2037330999992264,
into-0.0.5-off,0162-xls,16,1920000,2400,1.2781198999982735,
into-0.0.5-off,0163-xls,16,1920000,2400,1.3514636999971117,
into-0.0.5-off,0164-xls,16,1920000,2400,1.3740582999998878,
into-0.0.5-off,0165-xls,16,1920000,2400,1.9070800000008603,
into-0.0.5-off,0166-xls,4,480000,600,0.53447430000233,
into-0.0.5-off,0167-xlsb,16,1920000,2400,0.12353880000227946,
into-0.0.5-off,0168-xlsm,15,1800000,2250,1.4193501000008837,
into-0.0.5-off,0169-xlsx,16,1920000,2400,1.037441200001922,
into-0.0.5-off,0170-xlsx,16,1920000,2400,0.9172030000008817,
into-0.0.5-off,0171-xlsx,16,1920000,2400,1.0575618000002578,
into-0.0.5-off,0172-xlsx,16,1920000,2400,1.0617964999983087,
into-0.0.5-off,0173-xlsx,16,1920000,2400,1.1749113999976544,
into-0.0.5-off,0174-xlsx,16,1920000,2400,1.210201000001689,
into-0.0.5-off,0175-xlsx,16,1920000,2400,1.1535021000017878,
into-0.0.5-off,0176-xlsx,16,1920000,2400,1.2950254999996105,
into-0.0.5-off,0177-xlsx,16,1920000,2400,1.2038805999982287,
into-0.0.5-off,0178-xlsx,16,1920000,2400,1.2742116999979771,
into-0.0.5-off,0179-xlsx,16,1920000,2400,1.2219910999992862,
into-0.0.5-off,0180-xlsx,16,1920000,2400,1.3250926999971853,
into-0.0.5-off,0181-xlsx,16,1920000,2400,0.9484999000014795,
into-0.0.5-off,0182-xlsx,16,1920000,2400,1.126013699999021,
into-0.0.5-off,0183-xlsx,16,1920000,2400,1.2948169999981474,
into-0.0.5-off,0184-xlsx,16,1920000,2400,1.2756087999987358,
into-0.0.5-off,0185-xlsx,16,1920000,2400,1.1498207000004186,
into-0.0.5-off,0186-xlsx,16,1920000,2400,1.037141699998756,
into-0.0.5-off,0187-xlsx,16,1920000,2400,1.0370184999992489,
into-0.0.5-off,0188-xlsx,16,1920000,2400,1.2563919999993232,
into-0.0.5-off,0189-xlsx,16,1920000,2400,1.3005278000018734,
into-0.0.5-off,0190-xlsx,16,1920000,2400,1.248061599999346,
into-0.0.5-off,0191-xlsx,16,1920000,2400,1.3936142999991716,
into-0.0.5-off,0192-xlsx,16,1920000,2400,1.3717118999993545,
into-0.0.5-off,0193-xlsx,16,1920000,2400,4.1724147999993875,
into-0.0.5-off,0194-xlsx,4,480000,600,2.1999266000020725,
into-0.0.5-off,0195-xlsx,1,120000,150,0.33011400000032154,
into-0.0.5-off,0196-xlsx,1,120000,150,43.84319669999968,
into-0.0.5-off,0197-xml,16,1920000,2400,1.1694430999996257,
into-0.0.5-off,0198-xml,13,1560000,1950,1.1098149999997986,
into-0.0.5-off,0199-zip,15,1800000,2250,0.8284316999997827,
into-0.0.5-off,0200-zip,1,120000,150,43.92251110000143,
into-0.0.5-off,0201-zip,1,120000,150,105.0278787999996,
into-0.0.4-auto,0000-atom,2,120000,300,0.24536900000020978,
into-0.0.4-auto,0001-bmp,1,120000,150,0.9714869000017643,
into-0.0.4-auto,0002-csv,6,120000,300,0.7049087999985204,
into-0.0.4-auto,0003-csv,1,120000,150,0.4199239999979909,
into-0.0.4-auto,0004-csv,1,120000,150,9.01472179999837,
into-0.0.4-auto,0005-csv,1,120000,150,59.218432899997424,
into-0.0.4-auto,0006-doc,16,1920000,2400,0.4705801000018255,
into-0.0.4-auto,0007-doc,16,1920000,2400,0.8929153999997652,
into-0.0.4-auto,0008-doc,16,1920000,2400,0.5454333999987284,
into-0.0.4-auto,0009-doc,16,1920000,2400,0.7930027000002156,
into-0.0.4-auto,0010-doc,16,1920000,2400,1.091975299998012,
into-0.0.4-auto,0011-doc,16,1920000,2400,0.826265699997748,
into-0.0.4-auto,0012-doc,16,1920000,2400,1.1617974000000686,
into-0.0.4-auto,0013-doc,16,1920000,2400,0.6171259000002465,
into-0.0.4-auto,0014-doc,16,1920000,2400,0.867217700000765,
into-0.0.4-auto,0015-doc,16,1920000,2400,0.7567398000028334,
into-0.0.4-auto,0016-doc,16,1920000,2400,0.4954104999997071,
into-0.0.4-auto,0017-doc,16,1920000,2400,0.7029485999992175,
into-0.0.4-auto,0018-doc,16,1920000,2400,0.4577515000019048,
into-0.0.4-auto,0019-doc,12,1440000,1800,0.32949639999787905,
into-0.0.4-auto,0020-doc,1,120000,150,0.16036449999955948,
into-0.0.4-auto,0021-docm,5,600000,750,1.4289455999969505,
into-0.0.4-auto,0022-docx,16,1920000,2400,1.0896611999996821,
into-0.0.4-auto,0023-docx,16,1920000,2400,0.944907900000544,
into-0.0.4-auto,0024-docx,16,1920000,2400,3.0545424000010826,
into-0.0.4-auto,0025-docx,16,1920000,2400,2.48138249999829,
into-0.0.4-auto,0026-docx,16,1920000,2400,0.9846600000018952,
into-0.0.4-auto,0027-docx,16,1920000,2400,1.1139292999978352,
into-0.0.4-auto,0028-docx,16,1920000,2400,1.1540958999976283,
into-0.0.4-auto,0029-docx,16,1920000,2400,1.159524299997429,
into-0.0.4-auto,0030-docx,16,1920000,2400,1.9387282999996387,
into-0.0.4-auto,0031-docx,16,1920000,2400,0.9635792000008223,
into-0.0.4-auto,0032-docx,16,1920000,2400,1.10893489999944,
into-0.0.4-auto,0033-docx,16,1920000,2400,2.506814899999881,
into-0.0.4-auto,0034-docx,16,1920000,2400,3.259803400000237,
into-0.0.4-auto,0035-docx,16,1920000,2400,12.479999499999394,
into-0.0.4-auto,0036-docx,16,1920000,2400,13.548668400002498,
into-0.0.4-auto,0037-docx,10,1200000,1500,11.651072600001498,
into-0.0.4-auto,0038-epub,3,360000,450,0.10333119999995688,
into-0.0.4-auto,0039-epub,1,120000,150,2.0544270999998844,
into-0.0.4-auto,0040-epub,1,120000,150,0.7457967000009376,
into-0.0.4-auto,0041-epub,1,120000,150,0.6970126000014716,
into-0.0.4-auto,0042-epub,1,120000,150,7.64577780000036,
into-0.0.4-auto,0043-flac,3,360000,450,0.10116909999851487,
into-0.0.4-auto,0044-html,16,1920000,2400,1.1452744999987772,
into-0.0.4-auto,0045-html,16,1920000,2400,0.48747780000121566,
into-0.0.4-auto,0046-html,3,360000,450,0.1988353000015195,
into-0.0.4-auto,0047-ipynb,4,480000,600,0.512370499996905,
into-0.0.4-auto,0048-ipynb,1,120000,150,0.3943475000014587,
into-0.0.4-auto,0049-jpg,14,1680000,2100,7.54042930000287,
into-0.0.4-auto,0050-json,16,1920000,2400,1.2554997000006551,
into-0.0.4-auto,0051-json,16,1920000,2400,1.2534957000025315,
into-0.0.4-auto,0052-json,16,1920000,2400,1.2522333999986586,
into-0.0.4-auto,0053-json,16,1920000,2400,1.2899983999996039,
into-0.0.4-auto,0054-json,16,1920000,2400,1.118072299999767,
into-0.0.4-auto,0055-json,16,1920000,2400,1.280564400000003,
into-0.0.4-auto,0056-m4a,8,960000,1200,0.09999339999922086,
into-0.0.4-auto,0057-md,3,360000,450,0.3186277000022528,
into-0.0.4-auto,0058-mkv,1,120000,150,0.10410799999954179,
into-0.0.4-auto,0059-mov,2,240000,300,0.10955590000230586,
into-0.0.4-auto,0060-mp3,16,1920000,2400,0.13478720000057365,
into-0.0.4-auto,0061-mp3,11,1320000,1650,0.127012900000409,
into-0.0.4-auto,0062-mp4,8,960000,1200,0.10088419999738107,
into-0.0.4-auto,0063-mp4,1,120000,150,0.17947459999777493,
into-0.0.4-auto,0064-msg,16,1920000,2400,1.1864867999975104,
into-0.0.4-auto,0065-msg,16,1920000,2400,1.0642041999999492,
into-0.0.4-auto,0066-msg,16,1920000,2400,1.2344393999992462,
into-0.0.4-auto,0067-msg,7,840000,1050,18.495255100002396,
into-0.0.4-auto,0068-odp,9,1080000,1350,33.25566590000017,
into-0.0.4-auto,0069-ods,7,840000,1050,1.2189766999981657,
into-0.0.4-auto,0070-odt,16,1920000,2400,3.0783370999997715,
into-0.0.4-auto,0071-odt,4,480000,600,15.676589599999716,
into-0.0.4-auto,0072-ogg,4,480000,600,0.10017080000034184,
into-0.0.4-auto,0073-pdf,16,1920000,2400,1.3657108999977936,
into-0.0.4-auto,0074-pdf,16,1920000,2400,3.0800664000016695,
into-0.0.4-auto,0075-pdf,16,1920000,2400,18.1539875999988,
into-0.0.4-auto,0076-pdf,16,1920000,2400,51.96559929999785,
into-0.0.4-auto,0077-pdf,16,1920000,2400,137.23883159999968,
into-0.0.4-auto,0078-pdf,16,1920000,2400,459.5817768000015,
into-0.0.4-auto,0079-pdf,2,240000,300,31.766857999999047,
into-0.0.4-auto,0080-pdf,1,120000,150,20.45910040000308,
into-0.0.4-auto,0081-pdf,1,120000,150,120.16503150000062,
into-0.0.4-auto,0082-pdf,1,120000,150,120.15056280000135,
into-0.0.4-auto,0083-pdf,1,120000,150,120.15472189999855,
into-0.0.4-auto,0084-pdf,1,120000,150,120.1570799000001,
into-0.0.4-auto,0085-pdf,1,120000,150,120.15107980000175,
into-0.0.4-auto,0086-pdf,1,120000,150,120.21173400000043,
into-0.0.4-auto,0087-pdf,1,120000,150,79.8997952000027,
into-0.0.4-auto,0088-pdf,1,120000,150,120.14340360000278,
into-0.0.4-auto,0089-pdf,1,120000,150,120.15752050000083,
into-0.0.4-auto,0090-png,6,720000,900,15.782625200001348,
into-0.0.4-auto,0091-pot,1,120000,150,0.17222509999919566,
into-0.0.4-auto,0092-potx,1,120000,150,0.18229580000115675,
into-0.0.4-auto,0093-pps,1,120000,150,0.178287899998395,
into-0.0.4-auto,0094-ppsm,2,240000,300,0.24590990000069723,
into-0.0.4-auto,0095-ppsx,2,240000,300,0.2694091999983357,
into-0.0.4-auto,0096-ppt,16,1920000,2400,0.4440830999992613,
into-0.0.4-auto,0097-ppt,16,1920000,2400,1.0405202000001736,
into-0.0.4-auto,0098-ppt,16,1920000,2400,0.7019596999998612,
into-0.0.4-auto,0099-ppt,16,1920000,2400,0.8228769000015745,
into-0.0.4-auto,0100-ppt,16,1920000,2400,0.9645161999978882,
into-0.0.4-auto,0101-ppt,16,1920000,2400,1.0821446999980253,
into-0.0.4-auto,0102-ppt,16,1920000,2400,0.8873868999980914,
into-0.0.4-auto,0103-ppt,16,1920000,2400,1.242365099999006,
into-0.0.4-auto,0104-ppt,16,1920000,2400,0.8643405999973766,
into-0.0.4-auto,0105-ppt,16,1920000,2400,1.23176290000265,
into-0.0.4-auto,0106-ppt,16,1920000,2400,0.9694243000012648,
into-0.0.4-auto,0107-ppt,16,1920000,2400,0.7662851999994018,
into-0.0.4-auto,0108-ppt,8,960000,1200,0.7159315999997489,
into-0.0.4-auto,0109-pptm,5,600000,750,1.2324328000031528,
into-0.0.4-auto,0110-pptx,16,1920000,2400,2.5016735999997763,
into-0.0.4-auto,0111-pptx,16,1920000,2400,1.740070600000763,
into-0.0.4-auto,0112-pptx,16,1920000,2400,1.0599599999986822,
into-0.0.4-auto,0113-pptx,16,1920000,2400,2.232522999998764,
into-0.0.4-auto,0114-pptx,16,1920000,2400,5.777745900002628,
into-0.0.4-auto,0115-pptx,16,1920000,2400,7.399083899999823,
into-0.0.4-auto,0116-pptx,16,1920000,2400,16.852498299998842,
into-0.0.4-auto,0117-pptx,16,1920000,2400,75.28480390000186,
into-0.0.4-auto,0118-pptx,16,1920000,2400,77.20918510000047,
into-0.0.4-auto,0119-pptx,8,960000,1200,2.404328299999179,
into-0.0.4-auto,0120-pptx,1,120000,150,10.262514400001237,
into-0.0.4-auto,0121-pptx,1,120000,150,15.889599999998609,
into-0.0.4-auto,0122-pptx,1,120000,150,6.439030000001367,
into-0.0.4-auto,0123-pptx,1,120000,150,1.1036399999975401,
into-0.0.4-auto,0124-pptx,1,120000,150,1.2368702000021585,
into-0.0.4-auto,0125-pptx,1,120000,150,13.928951199999574,
into-0.0.4-auto,0126-pptx,1,120000,150,20.791811700000835,
into-0.0.4-auto,0127-rss,3,360000,450,0.17612000000008265,
into-0.0.4-auto,0128-rtf,16,1920000,2400,0.8486634999972011,
into-0.0.4-auto,0129-rtf,16,1920000,2400,0.7724278000023332,
into-0.0.4-auto,0130-rtf,12,1440000,1800,0.5938936000020476,
into-0.0.4-auto,0131-tif,2,240000,300,1.36147340000025,
into-0.0.4-auto,0132-tif,1,120000,150,4.57135610000114,
into-0.0.4-auto,0133-tsv,1,120000,150,0.2941452999984904,
into-0.0.4-auto,0134-txt,16,1920000,2400,1.1144705999977305,
into-0.0.4-auto,0135-wav,1,120000,150,0.10348380000141333,
into-0.0.4-auto,0136-webm,1,120000,150,0.10215170000083162,
into-0.0.4-auto,0137-webp,3,360000,450,3.800165599997854,
into-0.0.4-auto,0138-xls,16,1920000,2400,0.8786876000012853,
into-0.0.4-auto,0139-xls,16,1920000,2400,1.021813100000145,
into-0.0.4-auto,0140-xls,16,1920000,2400,0.964473399999406,
into-0.0.4-auto,0141-xls,16,1920000,2400,1.205015799998364,
into-0.0.4-auto,0142-xls,16,1920000,2400,1.2091872000019066,
into-0.0.4-auto,0143-xls,16,1920000,2400,1.204470399999991,
into-0.0.4-auto,0144-xls,16,1920000,2400,1.1403138999994553,
into-0.0.4-auto,0145-xls,16,1920000,2400,1.2287088000011863,
into-0.0.4-auto,0146-xls,16,1920000,2400,1.2066077000017685,
into-0.0.4-auto,0147-xls,16,1920000,2400,1.3219017000010354,
into-0.0.4-auto,0148-xls,16,1920000,2400,0.9436563999988721,
into-0.0.4-auto,0149-xls,16,1920000,2400,1.0147354000000632,
into-0.0.4-auto,0150-xls,16,1920000,2400,1.1605411999989883,
into-0.0.4-auto,0151-xls,16,1920000,2400,1.0860080999991624,
into-0.0.4-auto,0152-xls,16,1920000,2400,1.210079600001336,
into-0.0.4-auto,0153-xls,16,1920000,2400,1.1100956999980554,
into-0.0.4-auto,0154-xls,16,1920000,2400,1.2139094000012847,
into-0.0.4-auto,0155-xls,16,1920000,2400,1.166357900001458,
into-0.0.4-auto,0156-xls,16,1920000,2400,1.237769199997274,
into-0.0.4-auto,0157-xls,16,1920000,2400,1.2595967999986897,
into-0.0.4-auto,0158-xls,16,1920000,2400,1.1187033999995037,
into-0.0.4-auto,0159-xls,16,1920000,2400,1.146342399999412,
into-0.0.4-auto,0160-xls,16,1920000,2400,1.1938940000000002,
into-0.0.4-auto,0161-xls,16,1920000,2400,1.1426136999980372,
into-0.0.4-auto,0162-xls,16,1920000,2400,1.3328710999994655,
into-0.0.4-auto,0163-xls,16,1920000,2400,1.330091600000742,
into-0.0.4-auto,0164-xls,16,1920000,2400,1.3750551999983145,
into-0.0.4-auto,0165-xls,16,1920000,2400,1.9074548999997205,
into-0.0.4-auto,0166-xls,4,480000,600,0.5333208999982162,
into-0.0.4-auto,0167-xlsb,16,1920000,2400,0.14852519999840297,
into-0.0.4-auto,0168-xlsm,15,1800000,2250,4.098870399997395,
into-0.0.4-auto,0169-xlsx,16,1920000,2400,1.036991199998738,
into-0.0.4-auto,0170-xlsx,16,1920000,2400,0.8963144999979704,
into-0.0.4-auto,0171-xlsx,16,1920000,2400,1.0337460000009742,
into-0.0.4-auto,0172-xlsx,16,1920000,2400,1.0400785999991058,
into-0.0.4-auto,0173-xlsx,16,1920000,2400,1.1561594999984663,
into-0.0.4-auto,0174-xlsx,16,1920000,2400,1.1569311000021116,
into-0.0.4-auto,0175-xlsx,16,1920000,2400,1.1792996000003768,
into-0.0.4-auto,0176-xlsx,16,1920000,2400,1.230713500001002,
into-0.0.4-auto,0177-xlsx,16,1920000,2400,1.1651715999978478,
into-0.0.4-auto,0178-xlsx,16,1920000,2400,1.2315793999987363,
into-0.0.4-auto,0179-xlsx,16,1920000,2400,1.2353824999991048,
into-0.0.4-auto,0180-xlsx,16,1920000,2400,1.2567798000018229,
into-0.0.4-auto,0181-xlsx,16,1920000,2400,0.9444925999996485,
into-0.0.4-auto,0182-xlsx,16,1920000,2400,1.0660829999978887,
into-0.0.4-auto,0183-xlsx,16,1920000,2400,1.2360125000013795,
into-0.0.4-auto,0184-xlsx,16,1920000,2400,1.23619879999751,
into-0.0.4-auto,0185-xlsx,16,1920000,2400,1.0611731999997573,
into-0.0.4-auto,0186-xlsx,16,1920000,2400,1.4021921999992628,
into-0.0.4-auto,0187-xlsx,16,1920000,2400,2.7716473000000406,
into-0.0.4-auto,0188-xlsx,16,1920000,2400,1.9296121000006679,
into-0.0.4-auto,0189-xlsx,16,1920000,2400,1.2758248999998614,
into-0.0.4-auto,0190-xlsx,16,1920000,2400,3.518415999998979,
into-0.0.4-auto,0191-xlsx,16,1920000,2400,5.0644375999982,
into-0.0.4-auto,0192-xlsx,16,1920000,2400,6.01421929999924,
into-0.0.4-auto,0193-xlsx,16,1920000,2400,35.66975740000271,
into-0.0.4-auto,0194-xlsx,4,480000,600,3.2390898000012385,
into-0.0.4-auto,0195-xlsx,1,120000,150,0.3025300999979663,
into-0.0.4-auto,0196-xlsx,1,120000,150,44.14770090000093,
into-0.0.4-auto,0197-xml,16,1920000,2400,1.2157751000013377,
into-0.0.4-auto,0198-xml,13,1560000,1950,1.1391369000011764,
into-0.0.4-auto,0199-zip,15,1800000,2250,0.8999590999992506,
into-0.0.4-auto,0200-zip,1,120000,150,44.50000260000161,
into-0.0.4-auto,0201-zip,1,120000,150,107.1174815000013,
into-0.0.5-auto,0000-atom,2,240000,300,0.22088179999991553,
into-0.0.5-auto,0001-bmp,1,120000,150,0.9845433000009507,
into-0.0.5-auto,0002-csv,6,720000,900,0.7050624000003154,
into-0.0.5-auto,0003-csv,1,120000,150,0.4369637999989209,
into-0.0.5-auto,0004-csv,1,120000,150,8.341476999998122,
into-0.0.5-auto,0005-csv,1,120000,150,53.75296940000044,
into-0.0.5-auto,0006-doc,16,1920000,2400,0.48493560000133584,
into-0.0.5-auto,0007-doc,16,1920000,2400,0.9152862999981153,
into-0.0.5-auto,0008-doc,16,1920000,2400,0.531138499998633,
into-0.0.5-auto,0009-doc,16,1920000,2400,0.8206720000016503,
into-0.0.5-auto,0010-doc,16,1920000,2400,1.0934185000005527,
into-0.0.5-auto,0011-doc,16,1920000,2400,0.7984715000020515,
into-0.0.5-auto,0012-doc,16,1920000,2400,1.0862180999974953,
into-0.0.5-auto,0013-doc,16,1920000,2400,0.6038240999987465,
into-0.0.5-auto,0014-doc,16,1920000,2400,0.814705299999332,
into-0.0.5-auto,0015-doc,16,1920000,2400,0.7279603999995743,
into-0.0.5-auto,0016-doc,16,1920000,2400,0.4935528999994858,
into-0.0.5-auto,0017-doc,16,1920000,2400,0.7094237999990582,
into-0.0.5-auto,0018-doc,16,1920000,2400,0.44094509999922593,
into-0.0.5-auto,0019-doc,12,1440000,1800,0.31964030000017374,
into-0.0.5-auto,0020-doc,1,120000,150,0.14993970000068657,
into-0.0.5-auto,0021-docm,5,600000,750,1.459525099999155,
into-0.0.5-auto,0022-docx,16,1920000,2400,1.1377672999988135,
into-0.0.5-auto,0023-docx,16,1920000,2400,0.8890097000003152,
into-0.0.5-auto,0024-docx,16,1920000,2400,2.9576650999988487,
into-0.0.5-auto,0025-docx,16,1920000,2400,2.539352100000542,
into-0.0.5-auto,0026-docx,16,1920000,2400,0.9661041999970621,
into-0.0.5-auto,0027-docx,16,1920000,2400,1.1293084999997518,
into-0.0.5-auto,0028-docx,16,1920000,2400,1.1994538999970246,
into-0.0.5-auto,0029-docx,16,1920000,2400,1.1305518000008306,
into-0.0.5-auto,0030-docx,16,1920000,2400,1.9524377000016102,
into-0.0.5-auto,0031-docx,16,1920000,2400,1.0602978999995685,
into-0.0.5-auto,0032-docx,16,1920000,2400,1.1081672999971488,
into-0.0.5-auto,0033-docx,16,1920000,2400,2.530300400001579,
into-0.0.5-auto,0034-docx,16,1920000,2400,3.29200160000255,
into-0.0.5-auto,0035-docx,16,1920000,2400,13.037469300001248,
into-0.0.5-auto,0036-docx,16,1920000,2400,13.856288300001324,
into-0.0.5-auto,0037-docx,10,1200000,1500,11.858169299997826,
into-0.0.5-auto,0038-epub,3,360000,450,0.09951610000280198,
into-0.0.5-auto,0039-epub,1,120000,150,2.0589390999994066,
into-0.0.5-auto,0040-epub,1,120000,150,49.0115009000001,
into-0.0.5-auto,0041-epub,1,120000,150,24.733374900002673,
into-0.0.5-auto,0042-epub,1,120000,150,120.13735499999893,
into-0.0.5-auto,0043-flac,3,360000,450,0.09848989999954938,
into-0.0.5-auto,0044-html,16,1920000,2400,1.0795804999979737,
into-0.0.5-auto,0045-html,16,1920000,2400,0.4884605000006559,
into-0.0.5-auto,0046-html,3,360000,450,0.17056809999849065,
into-0.0.5-auto,0047-ipynb,4,480000,600,18.72408930000165,
into-0.0.5-auto,0048-ipynb,1,120000,150,2.4598205000002054,
into-0.0.5-auto,0049-jpg,14,1680000,2100,8.201818199999252,
into-0.0.5-auto,0050-json,16,1920000,2400,1.2295395000001008,
into-0.0.5-auto,0051-json,16,1920000,2400,1.199710100001539,
into-0.0.5-auto,0052-json,16,1920000,2400,1.2263917999989644,
into-0.0.5-auto,0053-json,16,1920000,2400,1.2266668999982357,
into-0.0.5-auto,0054-json,16,1920000,2400,1.0812754999969911,
into-0.0.5-auto,0055-json,16,1920000,2400,1.270235899999534,
into-0.0.5-auto,0056-m4a,8,960000,1200,0.10461159999977099,
into-0.0.5-auto,0057-md,3,360000,450,0.3399948999976914,
into-0.0.5-auto,0058-mkv,1,120000,150,0.10122409999894444,
into-0.0.5-auto,0059-mov,2,240000,300,0.11073820000092383,
into-0.0.5-auto,0060-mp3,16,1920000,2400,0.125260699998762,
into-0.0.5-auto,0061-mp3,11,1320000,1650,0.13106129999869154,
into-0.0.5-auto,0062-mp4,8,960000,1200,0.1021803000003274,
into-0.0.5-auto,0063-mp4,1,120000,150,0.19612070000221138,
into-0.0.5-auto,0064-msg,16,1920000,2400,1.2285130000018398,
into-0.0.5-auto,0065-msg,16,1920000,2400,1.030626799998572,
into-0.0.5-auto,0066-msg,16,1920000,2400,1.1765365000028396,
into-0.0.5-auto,0067-msg,7,840000,1050,18.583783199999743,
into-0.0.5-auto,0068-odp,9,1080000,1350,33.306831000001694,
into-0.0.5-auto,0069-ods,7,840000,1050,1.2482815999974264,
into-0.0.5-auto,0070-odt,16,1920000,2400,3.2468413000024157,
into-0.0.5-auto,0071-odt,4,480000,600,15.715207600002032,
into-0.0.5-auto,0072-ogg,4,480000,600,0.09970869999960996,
into-0.0.5-auto,0073-pdf,16,1920000,2400,1.6447789999983797,
into-0.0.5-auto,0074-pdf,16,1920000,2400,3.169515000001411,
into-0.0.5-auto,0075-pdf,16,1920000,2400,18.753165900001477,
into-0.0.5-auto,0076-pdf,16,1920000,2400,51.51093430000037,
into-0.0.5-auto,0077-pdf,16,1920000,2400,135.37532510000165,
into-0.0.5-auto,0078-pdf,16,1920000,2400,503.30797890000395,
into-0.0.5-auto,0079-pdf,2,240000,300,31.260085900001286,
into-0.0.5-auto,0080-pdf,1,120000,150,20.513651099994604,
into-0.0.5-auto,0081-pdf,1,120000,150,120.1446677999993,
into-0.0.5-auto,0082-pdf,1,120000,150,120.14548999999533,
into-0.0.5-auto,0083-pdf,1,120000,150,120.14724479999859,
into-0.0.5-auto,0084-pdf,1,120000,150,120.12040259999776,
into-0.0.5-auto,0085-pdf,1,120000,150,120.1364012999984,
into-0.0.5-auto,0086-pdf,1,120000,150,120.18010659999709,
into-0.0.5-auto,0087-pdf,1,120000,150,120.29815149999922,
into-0.0.5-auto,0088-pdf,1,120000,150,120.17416660000163,
into-0.0.5-auto,0089-pdf,1,120000,150,11.241661000000022,
into-0.0.5-auto,0090-png,6,720000,900,15.815951799995673,
into-0.0.5-auto,0091-pot,1,120000,150,0.15002829999866663,
into-0.0.5-auto,0092-potx,1,120000,150,0.15223640000476735,
into-0.0.5-auto,0093-pps,1,120000,150,0.1508356999984244,
into-0.0.5-auto,0094-ppsm,2,240000,300,0.24526809999952093,
into-0.0.5-auto,0095-ppsx,2,240000,300,0.24272780000319472,
into-0.0.5-auto,0096-ppt,16,1920000,2400,0.38563459999568295,
into-0.0.5-auto,0097-ppt,16,1920000,2400,1.0075999000036973,
into-0.0.5-auto,0098-ppt,16,1920000,2400,0.6471900000033202,
into-0.0.5-auto,0099-ppt,16,1920000,2400,0.7922825999994529,
into-0.0.5-auto,0100-ppt,16,1920000,2400,0.8416734999991604,
into-0.0.5-auto,0101-ppt,16,1920000,2400,0.9619308999972418,
into-0.0.5-auto,0102-ppt,16,1920000,2400,0.8653967999998713,
into-0.0.5-auto,0103-ppt,16,1920000,2400,1.1504944999978761,
into-0.0.5-auto,0104-ppt,16,1920000,2400,0.7939280999999028,
into-0.0.5-auto,0105-ppt,16,1920000,2400,1.1749818999960553,
into-0.0.5-auto,0106-ppt,16,1920000,2400,0.9112982000006014,
into-0.0.5-auto,0107-ppt,16,1920000,2400,0.7216231999991578,
into-0.0.5-auto,0108-ppt,8,960000,1200,0.6723808999959147,
into-0.0.5-auto,0109-pptm,5,600000,750,1.212044899999455,
into-0.0.5-auto,0110-pptx,16,1920000,2400,2.5188080000007176,
into-0.0.5-auto,0111-pptx,16,1920000,2400,1.7333513999983552,
into-0.0.5-auto,0112-pptx,16,1920000,2400,1.0361346999998204,
into-0.0.5-auto,0113-pptx,16,1920000,2400,2.2731946000058088,
into-0.0.5-auto,0114-pptx,16,1920000,2400,5.948282400000608,
into-0.0.5-auto,0115-pptx,16,1920000,2400,8.003399000001082,
into-0.0.5-auto,0116-pptx,16,1920000,2400,17.11774609999702,
into-0.0.5-auto,0117-pptx,16,1920000,2400,145.577165900002,
into-0.0.5-auto,0118-pptx,16,1920000,2400,139.56694160000188,
into-0.0.5-auto,0119-pptx,8,960000,1200,194.06468589999713,
into-0.0.5-auto,0120-pptx,1,120000,150,10.389462099999946,
into-0.0.5-auto,0121-pptx,1,120000,150,15.743122100000619,
into-0.0.5-auto,0122-pptx,1,120000,150,6.3134864999956335,
into-0.0.5-auto,0123-pptx,1,120000,150,55.69540579999739,
into-0.0.5-auto,0124-pptx,1,120000,150,14.702397599998221,
into-0.0.5-auto,0125-pptx,1,120000,150,58.73221049999847,
into-0.0.5-auto,0126-pptx,1,120000,150,92.97535430000426,
into-0.0.5-auto,0127-rss,3,360000,450,0.17088459999649785,
into-0.0.5-auto,0128-rtf,16,1920000,2400,0.7940902999980608,
into-0.0.5-auto,0129-rtf,16,1920000,2400,0.726046400006453,
into-0.0.5-auto,0130-rtf,12,1440000,1800,1.325875199996517,
into-0.0.5-auto,0131-tif,2,240000,300,1.3316193999999086,
into-0.0.5-auto,0132-tif,1,120000,150,4.404315699997824,
into-0.0.5-auto,0133-tsv,1,120000,150,0.2673871000006329,
into-0.0.5-auto,0134-txt,16,1920000,2400,1.1056938000037917,
into-0.0.5-auto,0135-wav,1,120000,150,0.09967460000189021,
into-0.0.5-auto,0136-webm,1,120000,150,0.09950840000237804,
into-0.0.5-auto,0137-webp,3,360000,450,3.898146599996835,
into-0.0.5-auto,0138-xls,16,1920000,2400,0.8688124999971478,
into-0.0.5-auto,0139-xls,16,1920000,2400,0.9636606999993091,
into-0.0.5-auto,0140-xls,16,1920000,2400,0.9391761000006227,
into-0.0.5-auto,0141-xls,16,1920000,2400,1.1753023999990546,
into-0.0.5-auto,0142-xls,16,1920000,2400,1.177645499999926,
into-0.0.5-auto,0143-xls,16,1920000,2400,1.1776600000011967,
into-0.0.5-auto,0144-xls,16,1920000,2400,1.1089700000011362,
into-0.0.5-auto,0145-xls,16,1920000,2400,1.201656400000502,
into-0.0.5-auto,0146-xls,16,1920000,2400,1.1779571999941254,
into-0.0.5-auto,0147-xls,16,1920000,2400,1.3675857999987784,
into-0.0.5-auto,0148-xls,16,1920000,2400,0.9138549999988754,
into-0.0.5-auto,0149-xls,16,1920000,2400,0.9921580000009271,
into-0.0.5-auto,0150-xls,16,1920000,2400,1.101283299998613,
into-0.0.5-auto,0151-xls,16,1920000,2400,1.0569679999971413,
into-0.0.5-auto,0152-xls,16,1920000,2400,1.1996419000060996,
into-0.0.5-auto,0153-xls,16,1920000,2400,1.0843500000046333,
into-0.0.5-auto,0154-xls,16,1920000,2400,1.199798900001042,
into-0.0.5-auto,0155-xls,16,1920000,2400,1.129554699997243,
into-0.0.5-auto,0156-xls,16,1920000,2400,1.2025091000032262,
into-0.0.5-auto,0157-xls,16,1920000,2400,1.247620599999209,
into-0.0.5-auto,0158-xls,16,1920000,2400,1.1086546999940765,
into-0.0.5-auto,0159-xls,16,1920000,2400,1.1073560000004363,
into-0.0.5-auto,0160-xls,16,1920000,2400,1.1772769000017433,
into-0.0.5-auto,0161-xls,16,1920000,2400,1.1377886999980547,
into-0.0.5-auto,0162-xls,16,1920000,2400,1.3021105000007083,
into-0.0.5-auto,0163-xls,16,1920000,2400,1.295324200000323,
into-0.0.5-auto,0164-xls,16,1920000,2400,1.359862699995574,
into-0.0.5-auto,0165-xls,16,1920000,2400,1.8530459999965387,
into-0.0.5-auto,0166-xls,4,480000,600,0.5071610000013607,
into-0.0.5-auto,0167-xlsb,16,1920000,2400,0.12322990000393474,
into-0.0.5-auto,0168-xlsm,15,1800000,2250,4.175364499998977,
into-0.0.5-auto,0169-xlsx,16,1920000,2400,0.9804126000017277,
into-0.0.5-auto,0170-xlsx,16,1920000,2400,0.8657516999955988,
into-0.0.5-auto,0171-xlsx,16,1920000,2400,1.0098088000013377,
into-0.0.5-auto,0172-xlsx,16,1920000,2400,0.9824904000051902,
into-0.0.5-auto,0173-xlsx,16,1920000,2400,1.1268406000017421,
into-0.0.5-auto,0174-xlsx,16,1920000,2400,1.127330900002562,
into-0.0.5-auto,0175-xlsx,16,1920000,2400,1.130332200002158,
into-0.0.5-auto,0176-xlsx,16,1920000,2400,1.2000539000000572,
into-0.0.5-auto,0177-xlsx,16,1920000,2400,1.152240499999607,
into-0.0.5-auto,0178-xlsx,16,1920000,2400,1.2063492000015685,
into-0.0.5-auto,0179-xlsx,16,1920000,2400,1.2271075999960885,
into-0.0.5-auto,0180-xlsx,16,1920000,2400,1.2323405999995884,
into-0.0.5-auto,0181-xlsx,16,1920000,2400,0.9640448999998625,
into-0.0.5-auto,0182-xlsx,16,1920000,2400,1.1021661999984644,
into-0.0.5-auto,0183-xlsx,16,1920000,2400,1.2287725999995018,
into-0.0.5-auto,0184-xlsx,16,1920000,2400,1.2563356000027852,
into-0.0.5-auto,0185-xlsx,16,1920000,2400,1.0830432000002475,
into-0.0.5-auto,0186-xlsx,16,1920000,2400,1.4121056000003591,
into-0.0.5-auto,0187-xlsx,16,1920000,2400,2.7562364999976126,
into-0.0.5-auto,0188-xlsx,16,1920000,2400,1.9015091999972356,
into-0.0.5-auto,0189-xlsx,16,1920000,2400,1.271790200000396,
into-0.0.5-auto,0190-xlsx,16,1920000,2400,3.6693900000027497,
into-0.0.5-auto,0191-xlsx,16,1920000,2400,5.2160059999951045,
into-0.0.5-auto,0192-xlsx,16,1920000,2400,6.158309700003883,
into-0.0.5-auto,0193-xlsx,16,1920000,2400,36.641675300001225,
into-0.0.5-auto,0194-xlsx,4,480000,600,3.2150039999978617,
into-0.0.5-auto,0195-xlsx,1,120000,150,0.30442279999988386,
into-0.0.5-auto,0196-xlsx,1,120000,150,43.72397839999758,
into-0.0.5-auto,0197-xml,16,1920000,2400,1.209657100000186,
into-0.0.5-auto,0198-xml,13,1560000,1950,1.1655630999957793,
into-0.0.5-auto,0199-zip,15,1800000,2250,10.301640000005136,
into-0.0.5-auto,0200-zip,1,120000,150,43.696673099999316,
into-0.0.5-auto,0201-zip,1,120000,150,105.3350672000015,
anydoc,0000-atom,2,,300,0.22450300000127754,
anydoc,0001-bmp,1,,150,0.05292929999995977,
anydoc,0002-csv,6,,900,0.1267097999989346,
anydoc,0003-csv,1,,150,0.17626259999815375,
anydoc,0004-csv,1,,150,3.7054802000020572,
anydoc,0005-csv,1,,150,16.361232799998106,
anydoc,0006-doc,16,,2400,0.0781650000026275,
anydoc,0007-doc,16,,2400,0.05208900000070571,
anydoc,0008-doc,16,,2400,0.051845699999830686,
anydoc,0009-doc,16,,2400,0.0757634000001417,
anydoc,0010-doc,16,,2400,0.07549039999867091,
anydoc,0011-doc,16,,2400,0.07749759999933303,
anydoc,0012-doc,16,,2400,0.07887950000076671,
anydoc,0013-doc,16,,2400,0.07636880000063684,
anydoc,0014-doc,16,,2400,0.07688910000069882,
anydoc,0015-doc,16,,2400,0.07551090000197291,
anydoc,0016-doc,16,,2400,0.07535189999907743,
anydoc,0017-doc,16,,2400,0.07811589999982971,
anydoc,0018-doc,16,,2400,0.14931570000044303,
anydoc,0019-doc,12,,1800,0.07946690000244416,
anydoc,0020-doc,1,,150,0.09922569999980624,
anydoc,0021-docm,5,,750,0.07633220000207075,
anydoc,0022-docx,16,,2400,0.07534260000102222,
anydoc,0023-docx,16,,2400,0.0755408000004536,
anydoc,0024-docx,16,,2400,0.07745240000076592,
anydoc,0025-docx,16,,2400,0.07753090000187512,
anydoc,0026-docx,16,,2400,0.0754023999979836,
anydoc,0027-docx,16,,2400,0.07564819999970496,
anydoc,0028-docx,16,,2400,0.07756900000094902,
anydoc,0029-docx,16,,2400,0.07546019999790587,
anydoc,0030-docx,16,,2400,0.07532500000161235,
anydoc,0031-docx,16,,2400,0.07537529999899562,
anydoc,0032-docx,16,,2400,0.07729620000100113,
anydoc,0033-docx,16,,2400,0.07551820000298903,
anydoc,0034-docx,16,,2400,0.07605319999856874,
anydoc,0035-docx,16,,2400,0.12485749999905238,
anydoc,0036-docx,16,,2400,0.17110750000210828,
anydoc,0037-docx,10,,1500,0.434087499997986,
anydoc,0038-epub,3,,450,0.0768220999998448,
anydoc,0039-epub,1,,150,0.07521799999813084,
anydoc,0040-epub,1,,150,0.07712829999945825,
anydoc,0041-epub,1,,150,0.12379510000027949,
anydoc,0042-epub,1,,150,0.19545479999942472,
anydoc,0043-flac,3,,450,0.0538446999998996,
anydoc,0044-html,16,,2400,0.05104170000049635,
anydoc,0045-html,16,,2400,0.057826600001135375,
anydoc,0046-html,3,,450,0.054736700003559235,
anydoc,0047-ipynb,4,,600,0.05246179999812739,
anydoc,0048-ipynb,1,,150,0.06281169999783742,
anydoc,0049-jpg,14,,2100,0.05286100000012084,
anydoc,0050-json,16,,2400,0.05250259999957052,
anydoc,0051-json,16,,2400,0.051913499999500345,
anydoc,0052-json,16,,2400,0.051475699998263735,
anydoc,0053-json,16,,2400,0.05213490000096499,
anydoc,0054-json,16,,2400,0.05146400000012363,
anydoc,0055-json,16,,2400,0.05242299999736133,
anydoc,0056-m4a,8,,1200,0.05174510000142618,
anydoc,0057-md,3,,450,0.051765899999736575,
anydoc,0058-mkv,1,,150,0.05141439999715658,
anydoc,0059-mov,2,,300,0.05135270000027958,
anydoc,0060-mp3,16,,2400,0.06048459999874467,
anydoc,0061-mp3,11,,1650,0.05226000000038766,
anydoc,0062-mp4,8,,1200,0.053967399999237387,
anydoc,0063-mp4,1,,150,0.05161469999802648,
anydoc,0064-msg,16,,2400,0.05155670000021928,
anydoc,0065-msg,16,,2400,0.051847999999154126,
anydoc,0066-msg,16,,2400,0.05301150000013877,
anydoc,0067-msg,7,,1050,0.051773499999399064,
anydoc,0068-odp,9,,1350,0.09886120000010123,
anydoc,0069-ods,7,,1050,0.10022870000102557,
anydoc,0070-odt,16,,2400,0.07931929999904241,
anydoc,0071-odt,4,,600,0.3201638999998977,
anydoc,0072-ogg,4,,600,0.05261690000043018,
anydoc,0073-pdf,16,,2400,0.07570510000005015,
anydoc,0074-pdf,16,,2400,0.0779432999988785,
anydoc,0075-pdf,16,,2400,0.10647579999931622,
anydoc,0076-pdf,16,,2400,0.8524780000007013,
anydoc,0077-pdf,16,,2400,12.479423400000087,
anydoc,0078-pdf,16,,2400,54.56109839999772,
anydoc,0079-pdf,2,,300,0.1271591000004264,
anydoc,0080-pdf,1,,150,0.1747739000020374,
anydoc,0081-pdf,1,,150,0.3695724999997765,
anydoc,0082-pdf,1,,150,0.39012260000163224,
anydoc,0083-pdf,1,,150,0.6613792999996804,
anydoc,0084-pdf,1,,150,0.12643240000033984,
anydoc,0085-pdf,1,,150,0.6637596000000485,
anydoc,0086-pdf,1,,150,4.480911200000264,
anydoc,0087-pdf,1,,150,15.13767160000134,
anydoc,0088-pdf,1,,150,4.706745700001193,
anydoc,0089-pdf,1,,150,18.35195400000157,
anydoc,0090-png,6,,900,0.05194050000136485,
anydoc,0091-pot,1,,150,0.051349900000786874,
anydoc,0092-potx,1,,150,0.0520725999995193,
anydoc,0093-pps,1,,150,0.0516563999990467,
anydoc,0094-ppsm,2,,300,0.05211979999876348,
anydoc,0095-ppsx,2,,300,0.052218400000128895,
anydoc,0096-ppt,16,,2400,0.052438200000324287,
anydoc,0097-ppt,16,,2400,0.07632509999893955,
anydoc,0098-ppt,16,,2400,0.07626520000121673,
anydoc,0099-ppt,16,,2400,0.07526280000092811,
anydoc,0100-ppt,16,,2400,0.07556529999783379,
anydoc,0101-ppt,16,,2400,0.07601380000050995,
anydoc,0102-ppt,16,,2400,0.07590909999998985,
anydoc,0103-ppt,16,,2400,0.07869510000091395,
anydoc,0104-ppt,16,,2400,0.07544469999993453,
anydoc,0105-ppt,16,,2400,0.0765376000017568,
anydoc,0106-ppt,16,,2400,0.10021729999789386,
anydoc,0107-ppt,16,,2400,0.09939790000134963,
anydoc,0108-ppt,8,,1200,0.10008159999779309,
anydoc,0109-pptm,5,,750,0.05203809999875375,
anydoc,0110-pptx,16,,2400,0.07476280000264524,
anydoc,0111-pptx,16,,2400,0.07592029999796068,
anydoc,0112-pptx,16,,2400,0.07692719999977271,
anydoc,0113-pptx,16,,2400,0.0757943000025989,
anydoc,0114-pptx,16,,2400,0.07801370000015595,
anydoc,0115-pptx,16,,2400,0.07680270000128075,
anydoc,0116-pptx,16,,2400,0.127047499998298,
anydoc,0117-pptx,16,,2400,0.2925562999989779,
anydoc,0118-pptx,16,,2400,0.3166682999981276,
anydoc,0119-pptx,8,,1200,0.43631140000070445,
anydoc,0120-pptx,1,,150,0.07857739999963087,
anydoc,0121-pptx,1,,150,0.07653280000158702,
anydoc,0122-pptx,1,,150,0.07784909999827505,
anydoc,0123-pptx,1,,150,0.14825899999777903,
anydoc,0124-pptx,1,,150,0.09963699999934761,
anydoc,0125-pptx,1,,150,0.22030029999950784,
anydoc,0126-pptx,1,,150,0.24685090000275522,
anydoc,0127-rss,3,,450,0.05161500000031083,
anydoc,0128-rtf,16,,2400,0.051785400002700044,
anydoc,0129-rtf,16,,2400,0.07594260000041686,
anydoc,0130-rtf,12,,1800,0.10168979999798466,
anydoc,0131-tif,2,,300,0.05118439999932889,
anydoc,0132-tif,1,,150,0.05150309999953606,
anydoc,0133-tsv,1,,150,0.05173279999871738,
anydoc,0134-txt,16,,2400,0.07505369999853428,
anydoc,0135-wav,1,,150,0.051105300000926945,
anydoc,0136-webm,1,,150,0.052414499998121755,
anydoc,0137-webp,3,,450,0.051790000001346925,
anydoc,0138-xls,16,,2400,0.07617839999875287,
anydoc,0139-xls,16,,2400,0.07577739999760524,
anydoc,0140-xls,16,,2400,0.07606380000288482,
anydoc,0141-xls,16,,2400,0.07651519999853917,
anydoc,0142-xls,16,,2400,0.07527929999923799,
anydoc,0143-xls,16,,2400,0.07608960000288789,
anydoc,0144-xls,16,,2400,0.07808859999931883,
anydoc,0145-xls,16,,2400,0.075054299999465,
anydoc,0146-xls,16,,2400,0.07627989999673446,
anydoc,0147-xls,16,,2400,0.07553069999994477,
anydoc,0148-xls,16,,2400,0.07499620000089635,
anydoc,0149-xls,16,,2400,0.07581159999972442,
anydoc,0150-xls,16,,2400,0.07553499999994528,
anydoc,0151-xls,16,,2400,0.07750029999806429,
anydoc,0152-xls,16,,2400,0.07830269999976736,
anydoc,0153-xls,16,,2400,0.07618290000027628,
anydoc,0154-xls,16,,2400,0.07821049999984098,
anydoc,0155-xls,16,,2400,0.07529040000008536,
anydoc,0156-xls,16,,2400,0.07524100000227918,
anydoc,0157-xls,16,,2400,0.07514380000066012,
anydoc,0158-xls,16,,2400,0.07512320000023465,
anydoc,0159-xls,16,,2400,0.07527280000067549,
anydoc,0160-xls,16,,2400,0.07625829999960843,
anydoc,0161-xls,16,,2400,0.07562559999860241,
anydoc,0162-xls,16,,2400,0.07605830000102287,
anydoc,0163-xls,16,,2400,0.14792030000171508,
anydoc,0164-xls,16,,2400,0.2916795999990427,
anydoc,0165-xls,16,,2400,0.41062130000136676,
anydoc,0166-xls,4,,600,0.4587160999981279,
anydoc,0167-xlsb,16,,2400,0.07527000000118278,
anydoc,0168-xlsm,15,,2250,0.19535730000279727,
anydoc,0169-xlsx,16,,2400,0.07529729999805568,
anydoc,0170-xlsx,16,,2400,0.07518189999973401,
anydoc,0171-xlsx,16,,2400,0.078714499999478,
anydoc,0172-xlsx,16,,2400,0.07535500000085449,
anydoc,0173-xlsx,16,,2400,0.07584750000023632,
anydoc,0174-xlsx,16,,2400,0.07883470000160742,
anydoc,0175-xlsx,16,,2400,0.07493109999995795,
anydoc,0176-xlsx,16,,2400,0.07449289999931352,
anydoc,0177-xlsx,16,,2400,0.07868729999972857,
anydoc,0178-xlsx,16,,2400,0.0767054999996617,
anydoc,0179-xlsx,16,,2400,0.07579940000141505,
anydoc,0180-xlsx,16,,2400,0.07606740000119316,
anydoc,0181-xlsx,16,,2400,0.07553330000155256,
anydoc,0182-xlsx,16,,2400,0.0768711999990046,
anydoc,0183-xlsx,16,,2400,0.07743729999856441,
anydoc,0184-xlsx,16,,2400,0.07602100000076462,
anydoc,0185-xlsx,16,,2400,0.07662649999838322,
anydoc,0186-xlsx,16,,2400,0.07650670000293758,
anydoc,0187-xlsx,16,,2400,0.07659490000150981,
anydoc,0188-xlsx,16,,2400,0.08009449999735807,
anydoc,0189-xlsx,16,,2400,0.10199740000098245,
anydoc,0190-xlsx,16,,2400,0.10029170000052545,
anydoc,0191-xlsx,16,,2400,0.17174169999998412,
anydoc,0192-xlsx,16,,2400,4.963842199998908,memoryLimit
anydoc,0192-xlsx-retry-4cc621408a6c8f52,1,,150,0.07683220000035362,
anydoc,0192-xlsx-retry-5dda63ca9e188ed0,1,,150,4.616107699999702,memoryLimit
anydoc,0192-xlsx-retry-80b99ad42587e306,1,,150,0.05238370000006398,
anydoc,0192-xlsx-retry-8a17be483a4dec56,1,,150,0.051795299998047994,
anydoc,0192-xlsx-retry-d6de2869b74a9512,1,,150,0.0812882999998692,
anydoc,0192-xlsx-retry-da8fa57f558856c7,1,,150,0.05262360000051558,
anydoc,0193-xlsx,16,,2400,1.576487399997859,
anydoc,0194-xlsx,4,,600,1.7616593000020657,
anydoc,0195-xlsx,1,,150,0.05283459999918705,
anydoc,0196-xlsx,1,,150,0.34244630000102916,
anydoc,0197-xml,16,,2400,0.05275740000070073,
anydoc,0198-xml,13,,1950,0.05830670000068494,
anydoc,0199-zip,15,,2250,0.05460329999914393,
anydoc,0200-zip,1,,150,0.07748519999950076,
anydoc,0201-zip,1,,150,0.15069389999916893,
markitdown,0000-atom,2,,300,2.9704751999997825,
markitdown,0001-bmp,1,,150,0.9470021000015549,
markitdown,0002-csv,6,,900,1.004003099998954,
markitdown,0003-csv,1,,150,1.079793000000791,
markitdown,0004-csv,1,,150,3.0822704000020167,
markitdown,0005-csv,1,,150,6.780389399998967,
markitdown,0006-doc,16,,2400,0.9843092000010074,
markitdown,0007-doc,16,,2400,0.9704853999974148,
markitdown,0008-doc,16,,2400,0.9680767999998352,
markitdown,0009-doc,16,,2400,0.9754353999996965,
markitdown,0010-doc,16,,2400,0.9478447000001324,
markitdown,0011-doc,16,,2400,0.979341199999908,
markitdown,0012-doc,16,,2400,0.9538991000008537,
markitdown,0013-doc,16,,2400,0.9666437000014412,
markitdown,0014-doc,16,,2400,0.9970944000015152,
markitdown,0015-doc,16,,2400,0.9443018000019947,
markitdown,0016-doc,16,,2400,0.9939478000014788,
markitdown,0017-doc,16,,2400,0.9491525000012189,
markitdown,0018-doc,16,,2400,0.9514558000009856,
markitdown,0019-doc,12,,1800,0.9475531999996747,
markitdown,0020-doc,1,,150,0.9233032000011008,
markitdown,0021-docm,5,,750,1.1429973999984213,
markitdown,0022-docx,16,,2400,0.9965935000000172,
markitdown,0023-docx,16,,2400,1.1748770999984117,
markitdown,0024-docx,16,,2400,1.067332599999645,
markitdown,0025-docx,16,,2400,1.074843399997917,
markitdown,0026-docx,16,,2400,1.0736371999992116,
markitdown,0027-docx,16,,2400,1.142365299998346,
markitdown,0028-docx,16,,2400,1.1774685999989742,
markitdown,0029-docx,16,,2400,1.2200523000028625,
markitdown,0030-docx,16,,2400,14.143828000000212,
markitdown,0031-docx,16,,2400,1.398635399997147,
markitdown,0032-docx,16,,2400,1.3554051999999501,
markitdown,0033-docx,16,,2400,1.3703730999986874,
markitdown,0034-docx,16,,2400,1.4990608000007342,
markitdown,0035-docx,16,,2400,3.3874394000013126,
markitdown,0036-docx,16,,2400,4.512152600000263,
markitdown,0037-docx,10,,1500,16.07645400000183,
markitdown,0038-epub,3,,450,1.040788700000121,
markitdown,0039-epub,1,,150,0.9243117000005441,
markitdown,0040-epub,1,,150,0.94672730000093,
markitdown,0041-epub,1,,150,1.251252400001249,
markitdown,0042-epub,1,,150,1.0359666999975161,
markitdown,0043-flac,3,,450,0.9410175000011805,
markitdown,0044-html,16,,2400,1.0948322000003827,
markitdown,0045-html,16,,2400,1.0949037999998836,
markitdown,0046-html,3,,450,1.0507694999978412,
markitdown,0047-ipynb,4,,600,0.9451988000000711,
markitdown,0048-ipynb,1,,150,0.9224114999997255,
markitdown,0049-jpg,14,,2100,0.9426551999968069,
markitdown,0050-json,16,,2400,0.9736481999971147,
markitdown,0051-json,16,,2400,0.9753085999982432,
markitdown,0052-json,16,,2400,0.9765101999983017,
markitdown,0053-json,16,,2400,0.9491119000012986,
markitdown,0054-json,16,,2400,0.9572737000016787,
markitdown,0055-json,16,,2400,0.9783188999972481,
markitdown,0056-m4a,8,,1200,0.952572300000611,
markitdown,0057-md,3,,450,0.9510439000005135,
markitdown,0058-mkv,1,,150,0.9270400999994308,
markitdown,0059-mov,2,,300,0.9558660000002419,
markitdown,0060-mp3,16,,2400,0.9798870000013267,
markitdown,0061-mp3,11,,1650,0.9717239999990852,
markitdown,0062-mp4,8,,1200,0.9456552000010561,
markitdown,0063-mp4,1,,150,0.9446984000023804,
markitdown,0064-msg,16,,2400,0.9467945999967924,
markitdown,0065-msg,16,,2400,0.9747193000002881,
markitdown,0066-msg,16,,2400,0.9792796000001545,
markitdown,0067-msg,7,,1050,0.9479756000000634,
markitdown,0068-odp,9,,1350,0.9293551999980991,
markitdown,0069-ods,7,,1050,0.9492439999994531,
markitdown,0070-odt,16,,2400,0.9721047999992152,
markitdown,0071-odt,4,,600,0.9199128000000201,
markitdown,0072-ogg,4,,600,0.9219030999993265,
markitdown,0073-pdf,16,,2400,0.9983065999986138,
markitdown,0074-pdf,16,,2400,1.0794278000030317,
markitdown,0075-pdf,16,,2400,2.5035515999989,
markitdown,0076-pdf,16,,2400,5.8371942000012496,
markitdown,0077-pdf,16,,2400,15.123692200002552,
markitdown,0078-pdf,16,,2400,34.36218969999754,
markitdown,0079-pdf,2,,300,2.51804600000105,
markitdown,0080-pdf,1,,150,2.649822099996527,
markitdown,0081-pdf,1,,150,5.386663899997075,
markitdown,0082-pdf,1,,150,5.371203899998363,
markitdown,0083-pdf,1,,150,2.2397543999977643,
markitdown,0084-pdf,1,,150,1.2608134999973117,
markitdown,0085-pdf,1,,150,2.148391000002448,
markitdown,0086-pdf,1,,150,60.01977139999872,
markitdown,0087-pdf,1,,150,37.30208929999935,
markitdown,0088-pdf,1,,150,60.36113420000038,
markitdown,0089-pdf,1,,150,75.83785999999964,
markitdown,0090-png,6,,900,1.0062265999986266,
markitdown,0091-pot,1,,150,0.97823359999893,
markitdown,0092-potx,1,,150,0.9562960000002931,
markitdown,0093-pps,1,,150,0.92389650000041,
markitdown,0094-ppsm,2,,300,0.9504694999995991,
markitdown,0095-ppsx,2,,300,0.9477182999980869,
markitdown,0096-ppt,16,,2400,0.9902777000024798,
markitdown,0097-ppt,16,,2400,0.9716542999994999,
markitdown,0098-ppt,16,,2400,0.952656699999352,
markitdown,0099-ppt,16,,2400,0.9977112999986275,
markitdown,0100-ppt,16,,2400,0.9526015000010375,
markitdown,0101-ppt,16,,2400,0.9609376999978849,
markitdown,0102-ppt,16,,2400,0.9772441000022809,
markitdown,0103-ppt,16,,2400,0.9779318000000785,
markitdown,0104-ppt,16,,2400,0.9483132000023033,
markitdown,0105-ppt,16,,2400,0.9582322999995085,
markitdown,0106-ppt,16,,2400,0.9520630000006349,
markitdown,0107-ppt,16,,2400,0.9512930999990203,
markitdown,0108-ppt,8,,1200,0.9569545999984257,
markitdown,0109-pptm,5,,750,1.0933096000007936,
markitdown,0110-pptx,16,,2400,1.089134699999704,
markitdown,0111-pptx,16,,2400,1.1329678000001877,
markitdown,0112-pptx,16,,2400,1.1068822000015643,
markitdown,0113-pptx,16,,2400,1.1024337000017113,
markitdown,0114-pptx,16,,2400,1.1265818000028958,
markitdown,0115-pptx,16,,2400,1.1047041999991052,
markitdown,0116-pptx,16,,2400,1.535473899999488,
markitdown,0117-pptx,16,,2400,3.542103200001293,
markitdown,0118-pptx,16,,2400,3.0886560999970243,
markitdown,0119-pptx,8,,1200,3.2293226000001596,
markitdown,0120-pptx,1,,150,0.9645972999969672,
markitdown,0121-pptx,1,,150,0.996805899998435,
markitdown,0122-pptx,1,,150,1.0757707999982813,
markitdown,0123-pptx,1,,150,1.1891097000006994,
markitdown,0124-pptx,1,,150,1.1644900999999663,
markitdown,0125-pptx,1,,150,1.4765574000011839,
markitdown,0126-pptx,1,,150,1.5548625999981596,
markitdown,0127-rss,3,,450,0.9518529000015405,
markitdown,0128-rtf,16,,2400,0.9796253999993496,
markitdown,0129-rtf,16,,2400,1.0801700000010896,
markitdown,0130-rtf,12,,1800,1.0064497999992454,
markitdown,0131-tif,2,,300,0.9301835000005667,
markitdown,0132-tif,1,,150,0.9485885000030976,
markitdown,0133-tsv,1,,150,0.9522794999975304,
markitdown,0134-txt,16,,2400,1.0550583000003826,
markitdown,0135-wav,1,,150,0.9227855000026466,
markitdown,0136-webm,1,,150,0.9212739000031434,
markitdown,0137-webp,3,,450,0.9479319999991276,
markitdown,0138-xls,16,,2400,1.0539826000022003,
markitdown,0139-xls,16,,2400,1.0746254000005138,
markitdown,0140-xls,16,,2400,1.157895100001042,
markitdown,0141-xls,16,,2400,1.0520943000010448,
markitdown,0142-xls,16,,2400,1.0292044000016176,
markitdown,0143-xls,16,,2400,1.09221400000024,
markitdown,0144-xls,16,,2400,1.0739547000011953,
markitdown,0145-xls,16,,2400,1.1066194999984873,
markitdown,0146-xls,16,,2400,1.0472551000020758,
markitdown,0147-xls,16,,2400,5.028312500002357,
markitdown,0148-xls,16,,2400,1.1977364999984275,
markitdown,0149-xls,16,,2400,1.1535183999985748,
markitdown,0150-xls,16,,2400,1.0744100000010803,
markitdown,0151-xls,16,,2400,1.0467060000009951,
markitdown,0152-xls,16,,2400,1.1032988000006299,
markitdown,0153-xls,16,,2400,1.081221899999946,
markitdown,0154-xls,16,,2400,1.1845318999985466,
markitdown,0155-xls,16,,2400,131.89908509999805,
markitdown,0156-xls,16,,2400,1.2552114999998594,
markitdown,0157-xls,16,,2400,1.5108631000002788,
markitdown,0158-xls,16,,2400,164.1437607000007,memoryLimit
markitdown,0158-xls-retry-0a8b6aa5cd90c948,1,,150,0.9264277000002039,
markitdown,0158-xls-retry-1d9830260e3998e0,1,,150,0.9244017999990319,
markitdown,0158-xls-retry-3e8c687be00ce9b3,1,,150,0.9919976000019233,
markitdown,0158-xls-retry-43529a8b92662454,1,,150,0.9930921999985003,
markitdown,0158-xls-retry-75a1101a09a5d68a,1,,150,1.0197574000012537,
markitdown,0158-xls-retry-85e157865ebc9b47,1,,150,1.0168869000008272,
markitdown,0158-xls-retry-8758d0082649e91b,1,,150,0.965990900000179,
markitdown,0158-xls-retry-a282d17aa6810b35,1,,150,0.9169414999996661,
markitdown,0158-xls-retry-e8f932bd432ba240,1,,150,0.9509825999994064,
markitdown,0158-xls-retry-ee0a6a5b7c724ce6,1,,150,150.00853740000093,timeout
markitdown,0159-xls,16,,2400,1.5026538000020082,
markitdown,0160-xls,16,,2400,2.0419265999989875,
markitdown,0161-xls,16,,2400,1.7336204999992333,
markitdown,0162-xls,16,,2400,1.9794418000019505,
markitdown,0163-xls,16,,2400,6.292275600000721,
markitdown,0164-xls,16,,2400,20.246064800001477,
markitdown,0165-xls,16,,2400,20.385908799999015,
markitdown,0166-xls,4,,600,15.88017260000197,
markitdown,0167-xlsb,16,,2400,0.9942483000013453,
markitdown,0168-xlsm,15,,2250,3.6565496000002895,
markitdown,0169-xlsx,16,,2400,1.0759246999987226,
markitdown,0170-xlsx,16,,2400,1.1785998999985168,
markitdown,0171-xlsx,16,,2400,1.5096579999990354,
markitdown,0172-xlsx,16,,2400,1.1351503999976558,
markitdown,0173-xlsx,16,,2400,1.1753466999980446,
markitdown,0174-xlsx,16,,2400,1.2023555999985547,
markitdown,0175-xlsx,16,,2400,1.173433700001624,
markitdown,0176-xlsx,16,,2400,1.145512700000836,
markitdown,0177-xlsx,16,,2400,1.1371847999980673,
markitdown,0178-xlsx,16,,2400,1.1515854999997828,
markitdown,0179-xlsx,16,,2400,1.207283700001426,
markitdown,0180-xlsx,16,,2400,1.1095854000013787,
markitdown,0181-xlsx,16,,2400,1.07047909999892,
markitdown,0182-xlsx,16,,2400,1.1545297000011487,
markitdown,0183-xlsx,16,,2400,1.2543906999999308,
markitdown,0184-xlsx,16,,2400,1.1445546000031754,
markitdown,0185-xlsx,16,,2400,1.2312954000008176,
markitdown,0186-xlsx,16,,2400,1.2717505999971763,
markitdown,0187-xlsx,16,,2400,1.2806505000007746,
markitdown,0188-xlsx,16,,2400,1.4587590000010096,
markitdown,0189-xlsx,16,,2400,1.8862711000001582,
markitdown,0190-xlsx,16,,2400,1.6127340999992157,
markitdown,0191-xlsx,16,,2400,6.039400700003171,
markitdown,0192-xlsx,16,,2400,26.981365900002857,memoryLimit
markitdown,0192-xlsx-retry-4cc621408a6c8f52,1,,150,3.5179500999984157,
markitdown,0192-xlsx-retry-5dda63ca9e188ed0,1,,150,23.378077399996982,memoryLimit
markitdown,0192-xlsx-retry-80b99ad42587e306,1,,150,1.0480510999987018,
markitdown,0192-xlsx-retry-8a17be483a4dec56,1,,150,0.9317257000002428,
markitdown,0192-xlsx-retry-d6de2869b74a9512,1,,150,1.3854032000017469,
markitdown,0192-xlsx-retry-da8fa57f558856c7,1,,150,0.9549173999985214,
markitdown,0193-xlsx,16,,2400,28.403240800002095,
markitdown,0194-xlsx,4,,600,23.79046390000076,
markitdown,0195-xlsx,1,,150,136.77659779999885,
markitdown,0196-xlsx,1,,150,150.01890219999768,timeout
markitdown,0197-xml,16,,2400,1.0464632999974128,
markitdown,0198-xml,13,,1950,1.0997071999991022,
markitdown,0199-zip,15,,2250,2.6136782000030507,
markitdown,0200-zip,1,,150,150.01133520000076,timeout
markitdown,0201-zip,1,,150,14.489203199998883,
